1;Ryan Inc;France;Clermont-Ferrand;8;OBJ
2;Moore-Mueller;France;Perpignan;5;OBJ
3;Blanda, Kemmer and Kuhic;France;Paris 01;10;STL
4;Smith Inc;Portugal;Louriceira;2;VRML/X3D
5;Von, Fritsch and Waters;France;Paris 14;5;STEP
6;Rolfson-Schumm;Portugal;Estoril;1;OBJ
7;Murray and Sons;Portugal;Trinaterra;4;OBJ
8;Oberbrunner, Mills and Stark;Portugal;Oliveira;6;COLLADA
9;Dach, Purdy and Baumbach;Portugal;Moutas;3;STL
10;Deckow-Tremblay;Poland;Lelkowo;1;VRML/X3D
11;Romaguera Group;Spain;Gijon;10;VRML/X3D
12;Lakin-Miller;Poland;Kwidzyn;10;3DS
13;Raynor-Waters;France;Guéret;2;3DS
14;Leffler-Douglas;Portugal;Leitões;8;STEP
15;Moore and Sons;Portugal;Nogueira da Regedoura;10;IGES
16;Daugherty, Hilll and Mosciski;France;Marne-la-Vallée;9;OBJ
17;Heidenreich-O'Hara;Portugal;Ariz;10;STEP
18;Mante, Bernier and Rempel;Poland;Baćkowice;10;STL
19;Brown, Ryan and Kutch;Poland;Boniewo;2;COLLADA
20;Jones-Reinger;Netherlands;Breda;2;VRML/X3D
21;Baumbach, Deckow and Bahringer;Spain;Santander;7;COLLADA
22;Rau Group;France;Saint-Priest;9;STL
23;Connelly Inc;Netherlands;Rotterdam postbusnummers;6;FBX
24;Rodriguez, Halvorson and Stanton;Belgium;Namur;3;FBX
25;Ziemann, Rosenbaum and Labadie;Germany;Würzburg;8;FBX
26;Haley-Pfannerstill;Poland;Iwkowa;7;IGES
27;Greenfelder-Jacobson;France;Lunéville;1;VRML/X3D
28;Douglas-Adams;Poland;Baranów;5;STEP
29;Nolan, Armstrong and Leannon;Germany;Frankfurt am Main;9;STL
30;Simonis, Schoen and Runte;Portugal;Madalena do Mar;7;STEP
31;King-Orn;Poland;Krzyżanowice;1;COLLADA
32;Rohan, Lind and McGlynn;Poland;Skała;6;IGES
33;Yost Inc;France;Ivry-sur-Seine;8;COLLADA
34;Deckow-Green;Portugal;Conde;1;STL
35;Lesch-Streich;Germany;Augsburg;6;STL
36;Schiller, Schumm and Gleason;Portugal;Lameira;4;STEP
37;Beahan, Cronin and Paucek;United Kingdom;Birmingham;4;FBX
38;Harber, Cummerata and Beatty;Italy;Roma;3;IGES
39;Schamberger-Jakubowski;Germany;Köln;9;3DS
40;O'Keefe-Lakin;Netherlands;Tilburg;2;3DS
41;Schiller-Nitzsche;Poland;Bledzew;10;OBJ
42;Kris-Ratke;France;Troyes;5;3DS
43;Schiller, Fay and Turcotte;Poland;Kowale Oleckie;10;IGES
44;Wintheiser-Kuvalis;France;Noyon;1;STL
45;Stehr, Wisozk and Morar;Poland;Żywiec;7;IGES
46;Haley-Casper;United Kingdom;Hatton;8;OBJ
47;Halvorson, Bechtelar and Krajcik;France;Courbevoie;7;STEP
48;Medhurst-DuBuque;Portugal;Odeleite;10;STEP
49;Cummings, Block and Waters;Germany;Essen;1;STL
50;Lowe LLC;France;Marseille;9;FBX
51;Bode Group;Portugal;Monte Novo;10;3DS
52;Mosciski, Durgan and Parker;Poland;Wysokie Mazowieckie;5;VRML/X3D
53;Schuster-Medhurst;Netherlands;Katwijk;3;FBX
54;Runte-Heller;France;Saint-Herblain;9;STL
55;Block-Jones;Portugal;Valongo;3;3DS
56;Pouros LLC;Portugal;Lemende;9;COLLADA
57;Waters-Jacobson;France;La Roche-sur-Yon;3;VRML/X3D
58;Stark-Cummings;Poland;Mosina;8;OBJ
59;Koelpin, Jast and Wisozk;Poland;Lipno;10;COLLADA
60;Towne-Dicki;France;Charleville-Mézières;4;3DS
61;Botsford LLC;Portugal;Sarzedo;8;STEP
62;Conn, Cruickshank and Lebsack;France;Mulhouse;9;3DS
63;Morar, Borer and Metz;Poland;Podgórzyn;6;FBX
64;Gibson Group;Poland;Kłoczew;10;OBJ
65;Smith-Maggio;Poland;Cielmice;8;OBJ
66;Smitham Group;Portugal;Lemende;7;STEP
67;Ryan-Metz;France;Cosne-Cours-sur-Loire;1;VRML/X3D
68;Rogahn Inc;Portugal;São Brás de Alportel;4;OBJ
69;Parisian and Sons;France;Nemours;7;IGES
70;Price, Bernhard and Cruickshank;France;Paris 09;2;3DS
71;Rohan and Sons;France;Lomme;3;FBX
72;Wunsch-Brekke;United Kingdom;London;7;STEP
73;Nader, Medhurst and Brown;Netherlands;Veghel;8;VRML/X3D
74;Towne Group;Poland;Słupno;7;STL
75;Schmitt-O'Connell;Netherlands;Voorburg;6;VRML/X3D
76;Connelly-Kertzmann;Poland;Zagórów;10;OBJ
77;Schmitt, Hilpert and Greenholt;Poland;Lipka;7;3DS
78;Waters-Nitzsche;Portugal;Vilarinho das Cambas;4;COLLADA
79;Stark-Morar;Portugal;Souto do Meio;6;3DS
80;Swift-Hand;Poland;Borne Sulinowo;4;OBJ
81;Lemke, Davis and Hane;Portugal;Custóias;1;IGES
82;Rodriguez Inc;Portugal;Moita;2;COLLADA
83;Lehner LLC;France;Roscoff;8;OBJ
84;Cummerata Group;France;Besançon;7;FBX
85;Tromp-Konopelski;France;Évreux;2;FBX
86;Ondricka Group;France;Saint-Chamond;9;FBX
87;Farrell, Effertz and Hodkiewicz;Poland;Polanka Wielka;6;STEP
88;Gulgowski-Kutch;Poland;Waśniów;7;IGES
89;Swift-Wilderman;Spain;Badajoz;1;3DS
90;Auer, Crist and Lehner;France;Bastia;8;3DS
91;Gibson-Jacobi;France;Granville;4;COLLADA
92;Spencer, Ritchie and Ziemann;Poland;Raciążek;7;STL
93;Wuckert-Schumm;France;Mundolsheim;2;VRML/X3D
94;Schowalter-Grant;Poland;Łomża;1;OBJ
95;O'Conner-Cummings;Poland;Otwock;2;3DS
96;Baumbach-Buckridge;Portugal;Quintães;5;OBJ
97;Schamberger-Nitzsche;Portugal;Arrentela;10;COLLADA
98;Gutkowski-Bosco;France;Épernay;2;IGES
99;Upton-Beier;Poland;Daszewice;6;STEP
100;Kerluke Inc;Poland;Wilga;1;STL
101;Heidenreich-Emard;France;Paris 20;8;STEP
102;Lakin, Metz and Oberbrunner;Portugal;Lourido;10;VRML/X3D
103;Hessel-Nader;Portugal;Barreira;8;IGES
104;Gleason-Bode;Poland;Szlachta;4;3DS
105;Crona, Howell and Smith;Poland;Bledzew;1;STEP
106;Jaskolski LLC;Poland;Chojnice;5;COLLADA
107;Hane-Hayes;Poland;Jawornik Polski;10;COLLADA
108;Mertz, White and Kuhlman;France;Cluses;10;OBJ
109;Rodriguez, Gislason and Willms;Germany;Kassel;4;FBX
110;Bergnaum and Sons;Portugal;Torreira;1;IGES
111;Dare Group;Poland;Konstantynów Łódzki;1;VRML/X3D
112;Klein LLC;Portugal;Oliveiras;8;IGES
113;Beatty and Sons;Portugal;Monte de Trigo;4;COLLADA
114;Nitzsche, Stiedemann and Lockman;Portugal;Guifões;4;COLLADA
115;Abernathy-Tillman;France;Nîmes;6;STEP
116;Crona-Haley;Germany;Berlin;1;3DS
117;Collier, Cassin and Hickle;Portugal;Gondar;4;STL
118;Mayert and Sons;France;Blois;5;STL
119;Barton, Stokes and Barrows;France;Romorantin-Lanthenay;7;STL
120;Oberbrunner-Keebler;Portugal;Agrela;4;3DS
121;Corkery, Douglas and Pouros;Poland;Piła;8;OBJ
122;Wuckert-Rice;France;Meylan;5;COLLADA
123;Bergstrom Group;France;Vittel;3;OBJ
124;Hane, Smith and Spinka;France;Levallois-Perret;7;3DS
125;Gutkowski-Huel;Netherlands;Kerkrade;10;VRML/X3D
126;Rosenbaum, Yundt and Wyman;Portugal;Sarzedo;8;OBJ
127;Goodwin-Waelchi;France;Libourne;10;VRML/X3D
128;Strosin and Sons;Portugal;Palhais;1;IGES
129;Cruickshank Group;Portugal;Alqueidão;7;OBJ
130;Padberg, Howe and Kihn;Portugal;Montalvão;10;OBJ
131;Wehner Inc;Poland;Ostaszewo;2;STL
132;Hansen and Sons;Poland;Kobiernice;7;IGES
133;Lebsack Inc;France;Loudun;6;VRML/X3D
134;Reilly-Walter;Portugal;Abuxarda;2;IGES
135;Cummerata LLC;Portugal;Arnelas;7;VRML/X3D
136;Jenkins Group;Portugal;Granja;7;3DS
137;Wolff Inc;Portugal;Venda Nova;10;IGES
138;Conroy-Quigley;Portugal;Fornos;9;COLLADA
139;Gerhold Inc;France;Créteil;3;IGES
140;Turner Inc;France;Épinal;10;OBJ
141;Pagac-Gulgowski;Italy;Roma;6;IGES
142;Leffler-Oberbrunner;France;Châtellerault;5;IGES
143;Ebert, Smith and D'Amore;France;Forbach;7;STEP
144;Dach, Blick and Treutel;Portugal;Corroios;9;3DS
145;Kunze LLC;Poland;Repki;6;STL
146;Fahey Group;Portugal;São Paio de Gramaços;8;VRML/X3D
147;Botsford-Kerluke;Portugal;Tojeira;3;COLLADA
148;Barton, Heller and Stark;Poland;Wojsławice;2;VRML/X3D
149;MacGyver, Kilback and Goodwin;France;Caen;5;STL
150;Littel-Effertz;Portugal;Carnaxide;10;FBX
151;Grant-Becker;Poland;Stanisław Dolny;8;IGES
152;Tremblay-Huels;France;Paris 02;6;VRML/X3D
153;Bartell LLC;Portugal;Valinhos;4;STL
154;Corwin-Batz;France;Tassin-la-Demi-Lune;10;IGES
155;Spencer, Dickinson and Runolfsdottir;France;Lagnieu;3;IGES
156;Pollich, Prohaska and Kihn;Germany;Magdeburg;10;VRML/X3D
157;Lesch, Romaguera and McKenzie;Portugal;Rio de Moinhos;8;STEP
158;Leannon and Sons;Poland;Lyski;5;FBX
159;Nikolaus Group;France;Chantilly;8;FBX
160;Toy Inc;Poland;Brwinów;9;COLLADA
161;Osinski-Jones;France;Bergerac;7;3DS
162;Schiller Group;Portugal;Santa Cruz;8;IGES
163;Moen and Sons;Poland;Sokółka;10;IGES
164;Cummings-O'Hara;Portugal;Donim;10;FBX
165;Langosh LLC;France;Vanves;1;FBX
166;Hickle-Sauer;France;Paris 01;3;3DS
167;Simonis LLC;Poland;Chodzież;3;OBJ
168;Gaylord-Koch;Italy;Roma;6;STL
169;Nikolaus-Frami;Poland;Kęty;2;3DS
170;Keeling, Wiegand and Schoen;Portugal;Sernancelhe;5;3DS
171;Collier Group;France;Yvetot;8;STL
172;Kling Inc;Portugal;Loures;2;COLLADA
173;Funk-Rogahn;Poland;Łąka Prudnicka;7;OBJ
174;Wuckert, Kub and Walsh;Germany;Dresden;7;OBJ
175;Prosacco-Kuphal;Poland;Hornówek;5;OBJ
176;Conroy-Smith;Portugal;Toutosa;1;STL
177;Reinger, Prohaska and Fritsch;Poland;Widuchowa;2;VRML/X3D
178;Hoppe and Sons;Portugal;Longos;9;OBJ
179;Lynch-Russel;Portugal;Parreira;2;VRML/X3D
180;Bechtelar, Hoeger and Jacobi;United Kingdom;Dean;1;VRML/X3D
181;Wiegand, Greenholt and Cremin;Portugal;Carregal;8;VRML/X3D
182;Funk LLC;Poland;Kuryłówka;10;IGES
183;Jast-Jenkins;Poland;Rekowo Dolne;8;STL
184;Kiehn, Upton and Rosenbaum;Poland;Wielka Wieś;2;STEP
185;Romaguera LLC;France;Dijon;6;STEP
186;Lynch LLC;Portugal;Carrasqueira;5;IGES
187;Hahn, Gerhold and Botsford;France;Strasbourg;10;VRML/X3D
188;Lehner Inc;Portugal;Mosteiró;4;OBJ
189;Smitham, Tromp and Bailey;Portugal;Poiares;8;FBX
190;Beahan-Pollich;France;Bobigny;8;OBJ
191;Stoltenberg Inc;France;Amiens;7;IGES
192;Moore-Pfannerstill;Poland;Rybczewice;7;3DS
193;Rau LLC;Poland;Połomia;4;STL
194;Hoeger LLC;Germany;Hannover;1;COLLADA
195;Bode, Yundt and Nader;Poland;Przecław;10;FBX
196;Schoen-Watsica;Poland;Dębowa Łąka;9;OBJ
197;O'Conner Inc;Portugal;Quinta;5;COLLADA
198;Steuber, Durgan and Orn;France;Nantes;1;OBJ
199;Huels-Ward;Poland;Świebodzice;1;3DS
200;Tremblay LLC;France;Paris 19;10;OBJ
201;Doyle, Ondricka and Cremin;Poland;Kalety;6;COLLADA
202;Schmitt-Volkman;Poland;Janów;9;STEP
203;Torp, Nitzsche and Cronin;Portugal;Santo André;8;VRML/X3D
204;Corwin-Lind;Poland;Kramarzówka;5;IGES
205;Gutkowski Inc;France;Salon-de-Provence;7;VRML/X3D
206;Klocko Group;Portugal;Cortiçóis;7;STL
207;Tillman LLC;Portugal;Santo André;3;3DS
208;Corkery, Gutkowski and Dickinson;Poland;Bobowa;1;IGES
209;Lynch, Parker and West;France;Blois;1;OBJ
210;Johnson, Borer and Cronin;Germany;Berlin;1;COLLADA
211;MacGyver, Moore and Christiansen;France;Marne-la-Vallée;6;3DS
212;Pacocha Group;Spain;Pamplona/Iruña;10;IGES
213;Harber-Smitham;Poland;Lutowiska;3;OBJ
214;Boehm-Ziemann;France;Marseille;3;IGES
215;Hermann and Sons;Portugal;Venda Nova;7;STL
216;Auer-Dicki;France;Molsheim;2;IGES
217;Gottlieb Inc;Poland;Miejsce Piastowe;6;STEP
218;Schimmel-Stamm;Portugal;Vale da Pedra;6;COLLADA
219;Dare LLC;France;Longjumeau;2;STEP
220;Mraz-Kutch;Poland;Trzcinica;8;VRML/X3D
221;Kuvalis Group;Portugal;São Sebastião;3;IGES
222;Farrell-Emmerich;Poland;Wodzierady;2;VRML/X3D
223;Bernhard, Gleason and Dickinson;Poland;Łobżenica;4;STL
224;West-Ledner;Portugal;Arco de Baúlhe;10;IGES
225;Walsh, Collins and White;Portugal;Pereira;9;STEP
226;Barton and Sons;France;Croissy-sur-Seine;9;STEP
227;Greenfelder-Rau;Netherlands;Schiedam postbusnummers;6;COLLADA
228;Pfannerstill, Krajcik and Wiegand;France;Rueil-Malmaison;3;STL
229;Dickinson Inc;Germany;Berlin;3;VRML/X3D
230;Hansen, Rau and Kertzmann;Poland;Babica;2;STEP
231;Johns, Haley and Trantow;Portugal;Montemor-o-Velho;2;STEP
232;Corwin-Langosh;France;Maromme;6;STL
233;Rowe-Bergnaum;Poland;Kobiernice;9;STL
234;Pollich Inc;Poland;Zaniemyśl;8;VRML/X3D
235;Ankunding, Hoppe and Altenwerth;France;Bourges;3;STL
236;Tromp-Schroeder;Poland;Koronowo;7;COLLADA
237;Abshire, Anderson and Jacobson;Portugal;Capela;9;OBJ
238;Witting, Pagac and Hartmann;Portugal;Soito;4;STL
239;Bode-Pollich;Poland;Kalwaria Zebrzydowska;10;STL
240;Gutmann and Sons;France;Reims;2;OBJ
241;Kreiger and Sons;France;Firminy;5;3DS
242;Goodwin-Davis;Portugal;São Martinho do Campo;2;STEP
243;Jaskolski and Sons;France;Bègles;9;STEP
244;Hoppe-Lindgren;France;Cognac;1;VRML/X3D
245;Vandervort LLC;Poland;Baranów;6;IGES
246;Jaskolski, DuBuque and Lubowitz;Poland;Jastrowie;6;3DS
247;Heathcote Inc;France;Créteil;3;IGES
248;Hills and Sons;Poland;Sidzina;2;IGES
249;Konopelski, Beatty and Wisoky;Netherlands;Arnhem;8;OBJ
250;Barton, Kirlin and Kunde;Germany;Dresden;2;IGES
251;Hagenes-Hane;Poland;Wleń;9;IGES
252;Larkin, Walter and Gorczany;Poland;Łomianki;6;OBJ
253;Glover-Connelly;France;Périgueux;7;STL
254;Kuhic Group;Portugal;Santa Valha;1;IGES
255;Schulist, Wintheiser and Bashirian;Poland;Jasieniec;8;3DS
256;Hane, Collier and Kunze;France;Cesson-Sévigné;8;3DS
257;Denesik, Franecki and Kessler;Portugal;Guardizela;8;VRML/X3D
258;Feeney and Sons;Poland;Ołpiny;8;STL
259;Gerlach-Walter;France;Digne-les-Bains;5;STEP
260;Hills-Olson;France;Montélimar;8;STL
261;Kautzer and Sons;Poland;Kasina Wielka;2;OBJ
262;Carter-Fritsch;Portugal;Morgados;6;FBX
263;Wolf, Rolfson and Armstrong;Portugal;Vila Chã do Monte;5;OBJ
264;Kuphal-Ruecker;Portugal;Praia do Ribatejo;10;OBJ
265;Bernier LLC;Portugal;Ereira;4;OBJ
266;Kuhic LLC;Portugal;Alcaria;9;STL
267;Botsford-Rohan;France;Troyes;2;OBJ
268;Ferry-Runolfsson;Portugal;Ladário;2;3DS
269;Leuschke-Jerde;Poland;Turze Pole;10;STL
270;Hand-Gislason;France;Carpiquet;5;IGES
271;Cormier and Sons;France;Rennes;10;VRML/X3D
272;Rau, Hoeger and Rolfson;Poland;Dzików Stary;6;STL
273;Hermann LLC;Portugal;Pereiras;3;IGES
274;Heller, Towne and Schneider;Portugal;Colmeal;6;STEP
275;Reilly, Kuhlman and Rodriguez;Portugal;Macedo de Cavaleiros;2;IGES
276;VonRueden-Cole;France;Royan;3;VRML/X3D
277;Wiegand, MacGyver and Witting;Poland;Suchań;8;COLLADA
278;Collier-Mante;France;Cavaillon;8;VRML/X3D
279;Kemmer and Sons;Portugal;Brejos;2;FBX
280;Boehm-Pagac;Poland;Bodzanów;10;IGES
281;Rippin, Veum and Johns;France;Strasbourg;6;OBJ
282;Weissnat-Hoppe;France;Blois;3;IGES
283;Swaniawski-Ondricka;France;Calais;2;STL
284;Reichel and Sons;Portugal;Bouças;6;3DS
285;Yundt, Christiansen and Trantow;France;Saint-Égrève;10;COLLADA
286;Jones, Boyer and Larkin;Poland;Niedźwiedź;7;COLLADA
287;Kassulke-Fisher;Portugal;Vermil;2;3DS
288;Larson Group;Poland;Ryczów;2;3DS
289;Rowe, Stehr and Harvey;Poland;Białogard;2;IGES
290;Jakubowski Group;Poland;Chrzanów;8;IGES
291;Gerhold Group;Italy;Palermo;7;3DS
292;Franecki LLC;Netherlands;Amsterdam Noord west;5;3DS
293;Mante, Feil and Wuckert;Italy;Padova;1;FBX
294;Koelpin and Sons;Poland;Wilamowice;2;VRML/X3D
295;Cole, Abernathy and Bergstrom;Poland;Lwówek Śląski;1;IGES
296;Turner-Littel;Poland;Mirsk;7;FBX
297;Quigley, Gibson and Heidenreich;Poland;Mników;8;FBX
298;Leffler, Strosin and Auer;France;Bayeux;5;FBX
299;Pouros-Kihn;Poland;Stoszowice;9;COLLADA
300;Crooks Inc;Portugal;Barreiras;4;OBJ
301;DuBuque, Flatley and Christiansen;France;Lillers;5;STEP
302;Pagac-Schulist;Poland;Brudzeń Duży;1;COLLADA
303;Hills LLC;Portugal;Ribeiro;5;STL
304;Jast, Bergnaum and Dietrich;France;Hénin-Beaumont;9;STEP
305;Prohaska-Paucek;France;Colombes;2;3DS
306;Weissnat-Schuppe;Poland;Przelewice;6;OBJ
307;Bogisich, Paucek and Cummerata;Poland;Prabuty;2;STEP
308;Schaden-Larkin;Portugal;Bacelo;2;STEP
309;Reichert-Runolfsson;Spain;Barcelona;1;VRML/X3D
310;Trantow-Jones;Portugal;Azueira;8;STEP
311;Larson-Gaylord;Poland;Kęsowo;6;STL
312;Quitzon, Lesch and Hessel;France;Neuilly-sur-Seine;6;VRML/X3D
313;Stracke, Klein and Kuhic;France;Le Grand-Quevilly;6;FBX
314;Schumm, Waelchi and Hackett;France;Nantes;7;3DS
315;Hagenes, Cassin and Hansen;France;Montpellier;2;IGES
316;Nikolaus, Stokes and Cole;Portugal;Porto Martins;7;VRML/X3D
317;Ferry Inc;Netherlands;Haarlem;5;3DS
318;Kassulke, Becker and Lowe;Poland;Strzelce;6;VRML/X3D
319;Lockman-Stokes;Portugal;Pomar;10;OBJ
320;Wisozk-Wunsch;Portugal;Monte Branco;3;COLLADA
321;Altenwerth-Lind;Poland;Siemiatycze;1;OBJ
322;Mraz-Bailey;France;Forbach;3;3DS
323;Bergnaum, Grady and Mayert;Portugal;Cruz;9;VRML/X3D
324;Altenwerth-Jast;France;Laval;10;OBJ
325;Willms-Gibson;Poland;Wydminy;5;VRML/X3D
326;Terry, Gleason and Hamill;Poland;Grzechynia;10;VRML/X3D
327;Medhurst Inc;Poland;Kobylanka;9;OBJ
328;Bartell, Waelchi and Waelchi;Poland;Wąsosz;6;STEP
329;Smitham LLC;France;Paris 09;4;FBX
330;Beahan Inc;Poland;Wola Jachowa;6;FBX
331;Zboncak, Leuschke and Klocko;France;Hayange;7;IGES
332;Haag, Jerde and Armstrong;Poland;Leśnica;7;FBX
333;MacGyver Inc;Portugal;São João dos Montes;5;STL
334;Renner-Powlowski;France;Sochaux;2;OBJ
335;Bradtke, Robel and Bednar;France;Bordeaux;4;3DS
336;Kshlerin-Haag;Portugal;Amadora;6;VRML/X3D
337;Kessler-Corkery;Poland;Wilamowice;5;IGES
338;Schoen-Wolf;Portugal;Marteleira;2;3DS
339;Reichert, Goyette and Bergstrom;Poland;Sobienie Jeziory;3;STEP
340;Schneider and Sons;Netherlands;Zaandam;7;FBX
341;Kirlin-Connelly;Poland;Puńsk;1;COLLADA
342;Stokes-Kuhic;France;Orléans;9;3DS
343;Hessel, Walter and Stamm;France;Lyon;5;IGES
344;Cronin-Feeney;France;Rungis;8;STL
345;White LLC;France;Blois;1;3DS
346;Steuber LLC;Poland;Milicz;1;VRML/X3D
347;Blanda and Sons;Italy;Reggio Calabria;7;STEP
348;Kling, Dickinson and Quitzon;Poland;Dąbrowa;4;OBJ
349;Schulist Group;France;Épinal;5;OBJ
350;Kautzer Group;Poland;Kwidzyn;10;FBX
351;Cruickshank-Kassulke;Portugal;Santo Aleixo;9;VRML/X3D
352;Zieme, Reynolds and Jones;Portugal;Fafe;1;FBX
353;Walter LLC;Portugal;Póvoa;9;COLLADA
354;Dickinson-Effertz;Netherlands;Hoorn;8;STEP
355;Rodriguez Group;Poland;Tymbark;8;IGES
356;Hoeger-Lakin;Portugal;Mosteiró;9;IGES
357;Kreiger Inc;France;Seynod;9;FBX
358;Spencer-Crist;Poland;Maszkienice;9;STL
359;Weimann LLC;Portugal;Peras Ruivas;9;VRML/X3D
360;Abernathy, Quigley and Hermann;Poland;Lubasz;10;STL
361;Grimes LLC;Poland;Kraczkowa;3;3DS
362;Connelly Group;Portugal;Aldeia da Mata;9;VRML/X3D
363;Hand-Braun;Poland;Książ Wielkopolski;5;COLLADA
364;Schaefer and Sons;France;Auch;3;OBJ
365;Morar-Hegmann;Poland;Ryjewo;3;STEP
366;Bernier-Hand;France;Marseille;2;OBJ
367;Monahan, Hintz and Kuhic;France;Saint-Étienne-du-Rouvray;5;STL
368;Gutmann, Fritsch and Murazik;Poland;Radzyń Chełmiński;4;COLLADA
369;McClure Inc;France;Rungis;8;FBX
370;Koch-Predovic;Poland;Tarczyn;7;STEP
371;Wintheiser Group;France;Le Teil;3;IGES
372;Murazik-McCullough;Spain;Telde;1;VRML/X3D
373;Wunsch and Sons;Poland;Tarczyn;5;VRML/X3D
374;Murazik LLC;Portugal;Carrascal;3;COLLADA
375;Williamson, Lang and Hammes;Poland;Murowana Goślina;5;COLLADA
376;Medhurst, Mohr and Wyman;Germany;Osnabrück;9;VRML/X3D
377;Wilderman Group;France;Guérande;7;3DS
378;Purdy, King and VonRueden;France;Nantes;3;OBJ
379;Nader-Fahey;Portugal;Almada;4;VRML/X3D
380;Hintz, Romaguera and Macejkovic;Poland;Kalej;2;3DS
381;Hyatt-Terry;Portugal;Peso da Régua;10;3DS
382;Jast Group;France;Cergy-Pontoise;10;3DS
383;Dicki LLC;Portugal;Arganil;4;3DS
384;Terry-Maggio;France;Toulon;10;VRML/X3D
385;Treutel Group;Poland;Blizne;2;VRML/X3D
386;Upton Group;Portugal;Carvalhal;5;FBX
387;Dickens-Bruen;Poland;Trzciana;6;FBX
388;Koepp Inc;Portugal;Amorim;5;COLLADA
389;Reynolds, Hahn and Sporer;Poland;Klwów;7;IGES
390;Bednar, Cummings and Cassin;Portugal;Seixo de Manhoses;5;3DS
391;Hettinger-Hintz;Poland;Górki Wielkie;5;VRML/X3D
392;Heidenreich, Kling and Funk;France;Bordeaux;3;STEP
393;Green-Bogisich;Portugal;Campanário;2;VRML/X3D
394;Okuneva, Hilll and Stehr;France;Berck;3;OBJ
395;O'Keefe Inc;Portugal;Portel;9;OBJ
396;Cartwright-Dibbert;Portugal;Santo António das Areias;4;IGES
397;Yost-Schneider;Portugal;Segodim;2;FBX
398;Tillman-Marvin;United Kingdom;Norton;1;VRML/X3D
399;Kessler and Sons;Poland;Janikowo;7;VRML/X3D
400;Cormier-Wolf;Portugal;Vales;10;OBJ
401;Lindgren Group;Poland;Piotrków Kujawski;8;VRML/X3D
402;Carroll-Heathcote;Portugal;Alvega;8;STL
403;Keebler, Crooks and White;Poland;Stąporków;6;FBX
404;DuBuque and Sons;France;Orsay;4;STEP
405;Parisian, Bogan and Goldner;Poland;Żelistrzewo;5;STL
406;Goldner, Marvin and Carter;Spain;Santander;5;FBX
407;Graham Group;Poland;Myślenice;1;OBJ
408;Harber, Rohan and Casper;Poland;Ostroróg;1;VRML/X3D
409;Hermiston-Schowalter;France;Antony;5;FBX
410;Gerhold-Daniel;France;Toulon;3;IGES
411;Halvorson, Reichert and Hagenes;France;Boissy-Saint-Léger;7;3DS
412;O'Hara-Roob;Poland;Stare Kurowo;6;IGES
413;Kuvalis-Crona;Portugal;Fonte de Angeão;6;3DS
414;Grady and Sons;Poland;Ruda Maleniecka;3;COLLADA
415;Bradtke, Powlowski and Jacobs;Poland;Siemiechów;2;3DS
416;Gerlach, Murazik and Legros;Germany;Nürnberg;7;FBX
417;Jacobs-Pfannerstill;Portugal;Abelheira;4;STL
418;Tillman-O'Hara;Poland;Szlachta;3;IGES
419;Cummings-Blick;Portugal;Oliveirinha;10;3DS
420;Kassulke, Kuvalis and Lindgren;Poland;Miechów Charsznica;9;IGES
421;Collins-Buckridge;Portugal;Ermidas do Sado;7;OBJ
422;Bauch, Satterfield and Hand;France;Saint-Pierre-des-Corps;9;OBJ
423;Balistreri, Treutel and Franecki;Poland;Mirocin;6;STL
424;Hermiston, Gibson and Williamson;Poland;Gostyń;6;IGES
425;Stracke, Anderson and Lynch;Poland;Tuchów;7;OBJ
426;Bergstrom-Mills;Germany;München;7;FBX
427;O'Reilly Group;Germany;Hamburg Winterhude;7;STEP
428;Hickle-Little;Portugal;São Sebastião;7;VRML/X3D
429;Deckow, Moore and Sanford;Portugal;Regueiro;6;STEP
430;Keebler-Cremin;Portugal;Zambujal;6;STL
431;Ratke Inc;France;Mont-de-Marsan;1;FBX
432;Gleason, Kohler and Rowe;France;Futuroscope;6;STEP
433;Boyle, Jacobson and Durgan;Portugal;Zambujal;6;VRML/X3D
434;Grimes Inc;France;Angoulême;7;VRML/X3D
435;Von LLC;Poland;Szczawno-Zdrój;7;STL
436;Murazik Inc;Austria;Sankt Lorenzen im Mürztal;4;STEP
437;Erdman Inc;France;Toulouse;9;VRML/X3D
438;Lang, Toy and Jerde;Poland;Podgórzyn;10;3DS
439;VonRueden-Stiedemann;France;Fresnes;8;3DS
440;Ankunding Inc;Poland;Bielice;2;COLLADA
441;Stehr LLC;Netherlands;Terneuzen;3;OBJ
442;Crooks Group;Poland;Krzyżanowice;8;STEP
443;Hudson-Moore;Portugal;Novais;9;STEP
444;Green, O'Reilly and Kertzmann;France;Niort;2;COLLADA
445;Kutch LLC;Netherlands;Zwolle;6;OBJ
446;Pacocha-Jacobs;Poland;Hyżne;2;COLLADA
447;Marks, Ziemann and Swift;Poland;Niechanowo;1;3DS
448;Rau-VonRueden;France;Bastia;5;VRML/X3D
449;Roob LLC;Poland;Dubiecko;4;STEP
450;Mitchell, Harris and Reynolds;Poland;Mstów;9;STL
451;Mante Inc;France;Brest;4;VRML/X3D
452;Torp, Hessel and Larson;France;Orléans;4;COLLADA
453;Dickens Inc;France;Paris 09;2;VRML/X3D
454;Armstrong-Leannon;Poland;Tuchomie;1;FBX
455;Gibson, Windler and Fisher;United Kingdom;Norton;8;COLLADA
456;Bergnaum, Koepp and Little;Portugal;Corticeiro de Baixo;1;COLLADA
457;Rogahn-Torphy;Portugal;Loures;7;STEP
458;Schultz, Smitham and Hodkiewicz;Portugal;Torres Vedras;4;OBJ
459;Ortiz Inc;Portugal;Ameixoeira;10;3DS
460;Christiansen Inc;France;Verdun;1;STEP
461;Kub, Turner and Schowalter;Portugal;Gandra;8;STL
462;Balistreri, Macejkovic and Cremin;France;Laxou;4;FBX
463;Cassin and Sons;Spain;Santiago De Compostela;4;FBX
464;Ullrich LLC;Switzerland;Winterthur;1;VRML/X3D
465;Hoppe-Kub;Spain;Malaga;3;COLLADA
466;Herzog, Effertz and Gislason;Poland;Kosów Lacki;7;STL
467;Keeling and Sons;Portugal;Macinhata da Seixa;10;FBX
468;Mosciski-Anderson;Poland;Mrzezino;10;STL
469;Runolfsdottir-Larson;Poland;Narol;8;COLLADA
470;Adams-Ryan;Portugal;Calhetas;1;IGES
471;Raynor Inc;France;Carcassonne;1;FBX
472;Tillman Inc;France;Brest;4;STEP
473;Bradtke-Casper;Portugal;Ermida;6;IGES
474;Collier-Swaniawski;Portugal;Lamas;1;OBJ
475;Parisian, Metz and Lowe;Poland;Plewiska;2;STEP
476;Koss-Bode;Portugal;Bombarral;3;VRML/X3D
477;Kunde LLC;United Kingdom;Newport;10;OBJ
478;Goldner-Schmitt;France;Sarlat-la-Canéda;7;STL
479;Bosco, Cummerata and Cassin;Poland;Płock;2;IGES
480;Schmitt-Leffler;Portugal;Antas;5;OBJ
481;Zulauf Group;Portugal;Castelo de Vide;3;OBJ
482;Friesen, Hilpert and Will;Portugal;Outeiro;10;STEP
483;Quitzon-Smitham;Poland;Komorów;2;3DS
484;Howe-Mayert;Germany;Köln;5;STL
485;Walsh Inc;Italy;Messina;1;3DS
486;Sawayn LLC;Portugal;Alcains;5;COLLADA
487;Reichel Group;France;Nemours;9;3DS
488;Jast-Schultz;France;Sceaux;3;COLLADA
489;Walsh, Russel and Jerde;Poland;Bozkow;5;3DS
490;Trantow and Sons;Poland;Luboń;8;FBX
491;Wiegand, Little and Stiedemann;Poland;Wola Sernicka;3;3DS
492;Corwin, Kerluke and Williamson;Portugal;Campos;2;OBJ
493;Larkin, Tremblay and Hammes;France;Guebwiller;5;STEP
494;Klein-Williamson;Portugal;Sande São Martinho;5;VRML/X3D
495;Hintz, Vandervort and Ruecker;Portugal;Água Retorta;5;STL
496;Cassin Inc;Poland;Krasnystaw;1;3DS
497;Terry-Considine;Portugal;Boucinha;9;STEP
498;Williamson-Monahan;Poland;Budziszewice;10;STEP
499;Hauck-Erdman;Poland;Ręczno;1;FBX
500;Abshire LLC;Portugal;Vale Maceiras;10;VRML/X3D
501;Kuhic-Schultz;France;Mantes-la-Jolie;10;IGES
502;Lehner, Mante and Jast;Portugal;Quintã;4;IGES
503;Mayer-Hahn;Germany;Berlin;3;STL
504;Ryan LLC;Portugal;Corujeira;7;3DS
505;Marks LLC;France;Eybens;7;STL
506;Flatley LLC;Portugal;Paços;2;STL
507;Watsica-Sauer;France;Marseille;8;STL
508;Ortiz, Beier and Rogahn;Spain;Madrid;4;OBJ
509;Turner-Gutmann;Poland;Kabaty;2;STEP
510;O'Kon-Wiegand;France;Chaumont;10;OBJ
511;Spencer LLC;France;Moulins;8;IGES
512;Goodwin-Olson;Poland;Zebrzydowice;3;FBX
513;Spinka LLC;Germany;Berlin;6;3DS
514;Haley, Lowe and Kuhlman;Poland;Trzebieszów;7;FBX
515;Schmidt-Hilll;Italy;Messina;5;IGES
516;Donnelly Group;Poland;Wąpielsk;8;IGES
517;Purdy-Nicolas;France;Reims;2;FBX
518;Cartwright-Schoen;France;Abbeville;5;COLLADA
519;Lakin LLC;Poland;Gierłoż;4;3DS
520;Swaniawski Inc;France;Montluçon;7;IGES
521;Dickinson LLC;Poland;Rajsko;3;IGES
522;MacGyver and Sons;Poland;Leśnica;5;COLLADA
523;Hudson, Lind and Pollich;Spain;Zamora;9;OBJ
524;Kihn, Miller and Lemke;Portugal;Cabeças Verdes;9;STL
525;Braun-Huels;Portugal;Conqueiros;4;STL
526;Monahan-Lesch;Poland;Czarna Dąbrówka;1;3DS
527;Hamill, Denesik and Cole;Poland;Krzeszów;2;STEP
528;Moore-Connelly;Portugal;Ribas;9;OBJ
529;Kunde, Connelly and Homenick;Portugal;Corujeira;9;FBX
530;Dietrich, Rice and Graham;Poland;Malczyce;6;3DS
531;Beier, Kassulke and Hodkiewicz;Poland;Potęgowo;4;FBX
532;Kuhlman Group;Poland;Małkinia Górna;5;VRML/X3D
533;Murphy LLC;Portugal;Trabulheira;4;COLLADA
534;Stark-Parisian;Poland;Pruszków;8;STEP
535;Hyatt, Stiedemann and Wintheiser;Poland;Łęknica;9;STL
536;Hoeger-Connelly;Poland;Bełżec;7;VRML/X3D
537;Yost, Simonis and Bauch;Portugal;Baratã;10;3DS
538;Kirlin, Weber and Treutel;Portugal;Arcena Pequena;10;STEP
539;Cassin, Bayer and Johns;Poland;Nowy Tomyśl;2;STL
540;O'Keefe LLC;Poland;Ostroróg;6;OBJ
541;Konopelski Group;Portugal;Monte Novo;6;COLLADA
542;Flatley Inc;France;Clermont-Ferrand;10;IGES
543;Hackett Group;Portugal;Penedo;2;STEP
544;Funk and Sons;Poland;Puńsk;7;COLLADA
545;Leannon-Runte;Poland;Babice;1;VRML/X3D
546;Fadel and Sons;France;Rouen;6;COLLADA
547;Jenkins-Littel;United Kingdom;Hatton;9;3DS
548;Schiller-Carter;France;Cluses;6;STL
549;Von-Schimmel;France;Châtellerault;7;STL
550;Mosciski, Koch and Mohr;Portugal;Lavadorinhos;3;FBX
551;Gaylord, Crist and Schumm;Poland;Latowicz;1;OBJ
552;Huels, Collins and Daugherty;Poland;Stęszew;3;VRML/X3D
553;Leffler Inc;Portugal;Bolembre;10;VRML/X3D
554;Hegmann, Zieme and Stoltenberg;Poland;Rokiciny;8;OBJ
555;Lueilwitz-Roob;Germany;Essen;2;STL
556;MacGyver, Okuneva and Kessler;France;Rueil-Malmaison;3;STL
557;Fisher, Batz and Kling;United Kingdom;Norton;9;STL
558;Wisozk-Jaskolski;Portugal;Ribamar;1;FBX
559;Wolf, Halvorson and Hayes;Portugal;Pedra Furada;8;COLLADA
560;Cruickshank, Rogahn and Mertz;Switzerland;Zürich;7;COLLADA
561;Shields LLC;Poland;Trzcińsko Zdrój;10;FBX
562;Fahey, Quitzon and Homenick;Poland;Sucha;9;FBX
563;Jacobi-Walsh;Portugal;Ponta da Garça;3;OBJ
564;Crooks, Lindgren and Ankunding;France;Élancourt;10;OBJ
565;Krajcik-Brekke;Spain;Almeria;7;STEP
566;Fritsch-Halvorson;France;Tourcoing;5;STL
567;Spencer, Heller and Keeling;Poland;Pszczyna;6;FBX
568;Kshlerin, Veum and Simonis;Portugal;Gandara;6;STEP
569;Wuckert LLC;France;Metz;7;COLLADA
570;Zboncak-Koch;France;Lille;10;IGES
571;Hagenes Inc;Portugal;Pigeiros;1;FBX
572;Armstrong Group;Spain;Granada;6;STEP
573;Runolfsdottir Group;Poland;Paniówki;10;STEP
574;Nicolas and Sons;France;Gennevilliers;1;IGES
575;Kling-Eichmann;France;Tarascon;2;VRML/X3D
576;Hettinger LLC;Portugal;Pereira;2;STL
577;Flatley-Lesch;Poland;Koszęcin;9;STEP
578;Treutel, Pagac and Jakubowski;United Kingdom;London;1;FBX
579;Veum Inc;France;Chartres;2;IGES
580;Lubowitz, Schmeler and Mills;Poland;Bałtów;7;STEP
581;Homenick, Bode and Luettgen;Portugal;Rio de Moinhos;6;STEP
582;Vandervort Inc;France;Alès;10;IGES
583;Muller, Walter and Christiansen;France;Amiens;1;VRML/X3D
584;Wisoky-Auer;Poland;Ciasna;4;IGES
585;Gusikowski, MacGyver and Padberg;Poland;Prabuty;6;STEP
586;Nitzsche-Miller;Portugal;Trabulheira;10;STL
587;Huel, Hilpert and Kovacek;Poland;Wierzbica;4;IGES
588;Gaylord-Bechtelar;Poland;Rakszawa;8;COLLADA
589;Blick-Fisher;Poland;Żarnów;6;VRML/X3D
590;Nader LLC;France;Suresnes;1;FBX
591;Bergstrom, Crooks and O'Connell;France;Aulnay-sous-Bois;8;STL
592;Windler, Hilll and Stoltenberg;Poland;Łyse;9;OBJ
593;Ratke and Sons;France;Arpajon;1;STL
594;Kulas, Krajcik and Heller;Poland;Mełgiew;4;VRML/X3D
595;Bayer, Considine and Senger;Poland;Siedlce;1;FBX
596;Wisoky, Ernser and Braun;Poland;Szemud;8;IGES
597;Smith, Huels and Morar;Poland;Góra Kalwaria;3;STEP
598;Sanford-Green;Poland;Otyń;1;IGES
599;Dicki-Jaskolski;Portugal;Quintãs;1;IGES
600;Considine-Nader;France;Longjumeau;1;IGES
601;Waelchi-Upton;France;Noyal-sur-Vilaine;7;3DS
602;Sauer Group;Poland;Osięciny;2;IGES
603;Volkman-Tromp;France;Annonay;3;STL
604;Anderson, Nader and Block;France;Brive-la-Gaillarde;10;OBJ
605;Metz-Mueller;France;Gennevilliers;7;OBJ
606;Maggio Group;Poland;Łysomice;2;STL
607;Schmeler, Cremin and Leffler;Portugal;Bemposta;4;3DS
608;Labadie-Krajcik;France;Poitiers;3;3DS
609;Adams-Murazik;France;Carpiquet;6;STEP
610;Grant, Bosco and Reichert;France;Hendaye;3;STL
611;Keeling LLC;Poland;Bojano;7;STL
612;Parker-Beier;Portugal;Canha;4;STEP
613;Sawayn, Howell and Abshire;France;Valence;9;VRML/X3D
614;Hettinger-Fadel;Portugal;Cruz;9;COLLADA
615;Feest-Quigley;Netherlands;Leidschendam;3;STL
616;Schaden, Kautzer and Pouros;Poland;Ciechanowiec;4;STEP
617;Quigley, Hessel and Daniel;Germany;Duisburg;4;VRML/X3D
618;Reichel Inc;France;Perpignan;7;OBJ
619;O'Conner, Halvorson and Veum;Austria;Altenberg bei Linz;9;VRML/X3D
620;Glover, Rolfson and Erdman;France;Ivry-sur-Seine;6;COLLADA
621;Leuschke, Reichel and Gutkowski;Portugal;Canhestros;6;FBX
622;Dickens, Will and Balistreri;Portugal;Casal dos Bernardos;6;STL
623;Fahey, Terry and Heaney;Netherlands;Arnhem;4;COLLADA
624;Lowe-Effertz;France;Avignon;9;IGES
625;Kuhlman and Sons;United Kingdom;Milton;8;FBX
626;Rohan Group;Portugal;Moses;3;FBX
627;Mann and Sons;Austria;Salzburg;9;IGES
628;Abshire Group;Poland;Płońsk;3;3DS
629;Ruecker Inc;Poland;Chwaszczyno;9;VRML/X3D
630;Abernathy LLC;Portugal;Antes;9;STL
631;Mante-Bauch;France;Paris 06;8;STL
632;Orn LLC;Poland;Przystajń;7;STEP
633;Boyer Group;Portugal;Colos;8;STL
634;Dickens and Sons;France;Saint-Germain-en-Laye;6;IGES
635;Dooley-Hyatt;United Kingdom;Denton;3;IGES
636;Lemke-Johns;Poland;Ciechanów;4;FBX
637;Bernhard, Weber and Sauer;Portugal;Chavães;10;COLLADA
638;Swift, Murray and Kunze;Switzerland;Thun;6;STL
639;VonRueden, Spinka and Lesch;Netherlands;Enschede;7;3DS
640;Ferry-Buckridge;Poland;Łobez;1;STEP
641;Goldner-Stoltenberg;France;Cergy-Pontoise;2;COLLADA
642;Homenick, Kling and Roob;France;Saint-Gratien;6;COLLADA
643;Marvin Group;France;Dijon;10;IGES
644;Champlin LLC;France;Reims;1;STL
645;White, Rutherford and Olson;Portugal;Arzila;4;COLLADA
646;Gutkowski LLC;Poland;Krzykosy;8;3DS
647;Schiller LLC;Poland;Borzęta;1;FBX
648;O'Connell, Ward and Waters;Portugal;Vilar do Pinheiro;10;STL
649;Rice, Oberbrunner and Jacobs;France;Sannois;10;VRML/X3D
650;Fritsch-Lemke;France;Issoudun;10;FBX
651;Schuster LLC;Portugal;São Paio de Gramaços;1;3DS
652;Jones-Mayert;Portugal;Janas;9;VRML/X3D
653;Renner, Collins and Bayer;France;Épinal;10;STL
654;Crooks-Spinka;France;Rumilly;4;STL
655;Balistreri-Crona;France;Besançon;9;STL
656;Parisian-Borer;France;Saint-Quentin-en-Yvelines;6;OBJ
657;Waelchi, Hyatt and Marquardt;Poland;Barlinek;6;IGES
658;Bauch-Donnelly;France;Perpignan;9;STL
659;Legros Group;Netherlands;Breda;6;IGES
660;Turner, Nienow and Thiel;Germany;Mönchengladbach;10;3DS
661;Reichel, Kshlerin and Schimmel;Poland;Frampol;7;STL
662;Eichmann-Abshire;Portugal;Sobrosa;2;VRML/X3D
663;Walker-Konopelski;Poland;Szczerców;7;3DS
664;Ullrich-Gutkowski;Poland;Rokietnica;3;FBX
665;Goldner-Muller;Germany;Berlin;6;STEP
666;Nitzsche, Bogan and Wuckert;France;Nantes;7;FBX
667;Stamm-Lueilwitz;France;Paris 13;4;COLLADA
668;Lockman, Fritsch and Beer;Poland;Pieńsk;9;IGES
669;Ward, Beahan and Ledner;Poland;Sośnicowice;4;FBX
670;Marvin and Sons;Switzerland;Basel;4;IGES
671;Hickle, Legros and Will;France;Lyon;2;STEP
672;Walsh LLC;Germany;Berlin;5;IGES
673;Kunze and Sons;Poland;Grojec;7;IGES
674;Farrell-Skiles;France;Fresnes;6;STEP
675;Erdman and Sons;Poland;Łęki Szlacheckie;3;3DS
676;Tillman, Roberts and Yundt;Portugal;Real;7;VRML/X3D
677;Harber and Sons;Poland;Krasiczyn;9;OBJ
678;Bayer, Braun and Klein;Poland;Żarki;1;3DS
679;Heidenreich, Larson and Bernhard;Italy;Messina;1;COLLADA
680;Mertz and Sons;Poland;Polańczyk;3;STEP
681;McKenzie, Bashirian and Rice;Portugal;Navais;4;OBJ
682;Kozey, Raynor and Thiel;Poland;Świętajno;3;FBX
683;Kunze-Yost;France;Montpellier;4;VRML/X3D
684;Little Group;Portugal;Seroa;8;STEP
685;Streich LLC;France;Nantes;3;VRML/X3D
686;Franecki-King;France;Paris 17;6;IGES
687;Auer and Sons;Portugal;Vila Nova de Santo André;5;VRML/X3D
688;Collins, O'Connell and Dicki;Poland;Otwock;9;3DS
689;Sawayn, Hand and Bahringer;Portugal;Santa Catarina;9;VRML/X3D
690;Yost, Osinski and Nikolaus;Germany;Nürnberg;1;STEP
691;Bauch Inc;France;Noisy-le-Grand;6;STEP
692;Gleichner-Waters;Portugal;Loures;1;VRML/X3D
693;Marks Group;Poland;Żabieniec;2;STEP
694;Bayer Inc;Portugal;São Martinho do Campo;9;STEP
695;Friesen Inc;Poland;Krosno;6;VRML/X3D
696;Kozey, Kerluke and Fisher;France;Tours;4;STEP
697;Huels Inc;Belgium;Gent;10;3DS
698;Batz-Hickle;Poland;Husów;8;3DS
699;Kuhn and Sons;France;Bordeaux;5;STL
700;McGlynn, Berge and Braun;France;Hayange;3;STEP
701;Mohr-Jacobi;France;Cestas;4;STL
702;Cremin and Sons;Poland;Wydminy;4;FBX
703;Steuber Group;Poland;Grzmiąca;10;COLLADA
704;Roob Inc;France;Épinal;5;3DS
705;Lehner-Kuhlman;Netherlands;Venlo;4;STL
706;Padberg and Sons;Portugal;Bairro;10;OBJ
707;Beer-Crooks;Portugal;Grijó;6;STEP
708;Lockman, Goodwin and Wisoky;Portugal;Cete;4;OBJ
709;Bartoletti and Sons;Poland;Szczerców;8;STEP
710;Beer and Sons;Poland;Golina;1;OBJ
711;Wisozk, Nicolas and Hane;Poland;Koronowo;4;FBX
712;Kling, Little and Collins;Portugal;Casal;4;FBX
713;Effertz LLC;Germany;Halle;2;IGES
714;Ziemann-Yundt;Poland;Brzeźnica;9;OBJ
715;Corwin, Mann and Larkin;Poland;Wilamowice;10;VRML/X3D
716;Nolan LLC;France;Sainte-Geneviève-des-Bois;7;3DS
717;Heaney and Sons;France;Nice;8;3DS
718;Rosenbaum, Hintz and Stehr;Portugal;Vermoim;2;STEP
719;Bechtelar, Green and Simonis;Portugal;Mouriscas;4;3DS
720;Wunsch-Bradtke;United Kingdom;Sheffield;5;IGES
721;Aufderhar Group;France;Marseille;7;FBX
722;Bogisich LLC;Portugal;Santa Marta de Penaguião;4;STL
723;Wunsch-Gleichner;Portugal;Alvide;3;STEP
724;Hirthe and Sons;Poland;Zakroczym;7;OBJ
725;Rowe Group;Portugal;Quinta;7;COLLADA
726;Simonis, Heidenreich and Raynor;Poland;Ropa;8;COLLADA
727;Greenfelder Inc;Poland;Trzcianka;7;3DS
728;Weissnat LLC;France;Blagnac;9;FBX
729;Mosciski-Herzog;Portugal;Montemor-o-Velho;8;FBX
730;Murazik, Nicolas and Walker;France;Aubenas;6;OBJ
731;Torp, Leuschke and Feest;Poland;Oborniki Śląskie;9;STEP
732;Bauch-Fahey;France;Bagnolet;3;3DS
733;Hansen-Kertzmann;Portugal;Lentisqueira;9;COLLADA
734;Kunze Inc;Netherlands;Maastricht;6;STL
735;Hills, Aufderhar and Harber;Spain;Albacete;6;FBX
736;Bechtelar-Rath;Portugal;Agrela;4;FBX
737;Schaden, Stamm and Powlowski;Portugal;Vila Chã;4;IGES
738;Gleichner and Sons;France;Paris 01;10;IGES
739;Weissnat and Sons;Portugal;Cachadinha;10;COLLADA
740;Wehner, Toy and Haley;United Kingdom;Edinburgh;6;3DS
741;Pfeffer-Treutel;Poland;Ryglice;5;IGES
742;Wiegand, Maggio and Bednar;Poland;Opatowiec;7;STL
743;Deckow, Kling and Gottlieb;Poland;Drawsko Pomorskie;5;IGES
744;Hessel-Waelchi;Poland;Barlinek;4;COLLADA
745;Hilll Group;Poland;Karpacz;1;COLLADA
746;Schaden, Rippin and Frami;Portugal;Roriz;9;IGES
747;Williamson, Welch and Shanahan;Poland;Krzanowice;10;IGES
748;Jaskolski, Stokes and Hagenes;Poland;Nowe;4;IGES
749;Kerluke, Hoeger and Langworth;Portugal;Chaínça;2;FBX
750;Gibson Inc;Portugal;Carapelhos;7;VRML/X3D
751;McDermott-Glover;Germany;Köln;2;3DS
752;Hessel, O'Kon and Fadel;United Kingdom;Dean;1;IGES
753;Gleason-Quitzon;Poland;Myślenice;8;FBX
754;Paucek, Monahan and Stokes;Portugal;Leitões;5;STL
755;Grant Inc;Poland;Jabłonowo Pomorskie;1;FBX
756;Dooley-Orn;France;Besançon;5;COLLADA
757;Romaguera, Feest and Gusikowski;Portugal;Roriz;4;3DS
758;Leuschke-Green;Poland;Żarów;8;3DS
759;Berge-Ruecker;Poland;Kamieniec Wrocławski;4;IGES
760;Beier-Mante;Portugal;Granja do Tedo;6;3DS
761;Fisher, Kris and Murphy;Portugal;Fonte da Aldeia;5;OBJ
762;Bailey, Streich and Keeling;Poland;Trzcińsko Zdrój;2;VRML/X3D
763;Gaylord-Collier;Portugal;Albarraque;3;IGES
764;Quigley Group;Poland;Kępie Żaleszańskie;9;OBJ
765;Von, Goldner and Fritsch;Germany;Magdeburg;3;FBX
766;Johnston, Kris and Heaney;Poland;Skorogoszcz;3;COLLADA
767;Langworth, Rath and Jacobs;Poland;Krzepice;8;3DS
768;Stiedemann, Parker and Shanahan;Poland;Siemianowice Śląskie;3;FBX
769;Heathcote-Feeney;Poland;Golina;8;VRML/X3D
770;Witting Inc;Netherlands;Groningen;2;VRML/X3D
771;Waters-Kunze;Portugal;Santana;10;STEP
772;Kovacek, Glover and Kutch;France;Saint-Ouen;1;VRML/X3D
773;Daniel-Weber;France;Agen;10;IGES
774;Gleichner-Auer;Portugal;Porto Martins;1;3DS
775;Will-Blanda;Poland;Pniewy;6;OBJ
776;McLaughlin, Ullrich and Becker;France;Challans;4;FBX
777;Goodwin LLC;France;Nantes;5;COLLADA
778;Turcotte, Orn and Champlin;France;Granville;1;STL
779;Turner-Kautzer;France;Caen;3;FBX
780;Hodkiewicz, Conroy and Zemlak;Poland;Dzikowiec;2;STL
781;Dibbert, Daugherty and Parisian;Portugal;Santa Maria do Souto;1;STL
782;Brekke, Cummerata and Padberg;Poland;Główczyce;4;VRML/X3D
783;Johnston Group;France;Melun;6;IGES
784;Moen-O'Kon;Portugal;Além;5;3DS
785;Goyette, Kohler and Lesch;France;Besançon;1;IGES
786;Conn, Gottlieb and Goldner;France;Lannion;5;3DS
787;Krajcik LLC;Portugal;Casais Baleal;6;STEP
788;Upton LLC;Netherlands;Alkmaar;5;FBX
789;Mayert, Mueller and Willms;France;Saint-Avold;8;COLLADA
790;Beier-Hoppe;Portugal;Coja;8;IGES
791;Huels-Cruickshank;France;Arras;6;STL
792;Goyette-Quitzon;Poland;Łapanów;8;IGES
793;Wiegand-Mayer;France;Le Chambon-Feugerolles;3;FBX
794;Hessel Inc;France;La Rochelle;3;VRML/X3D
795;Kris and Sons;France;Le Mans;9;VRML/X3D
796;Auer, Yundt and Friesen;France;Noyal-sur-Vilaine;10;IGES
797;Tremblay, Kemmer and Pacocha;Austria;Altenberg bei Linz;7;COLLADA
798;Stokes LLC;Portugal;Burgau;1;VRML/X3D
799;Fay, Carroll and Hegmann;France;Chalon-sur-Saône;5;OBJ
800;Conroy, Kertzmann and Padberg;Germany;Duisburg;3;3DS
801;Rau-Tillman;Poland;Sypniewo;6;FBX
802;Hansen, Abbott and Lakin;Poland;Płoniawy-Bramura;6;VRML/X3D
803;Price, Abshire and Hessel;Poland;Kaliska;2;STEP
804;Wilderman-Fay;Germany;Heilbronn;7;VRML/X3D
805;Macejkovic, Rosenbaum and Koch;Portugal;Quintães;6;COLLADA
806;Prohaska-Schoen;France;Quimperlé;7;STEP
807;Johnson Group;France;Nice;3;3DS
808;Welch Group;United Kingdom;Newbiggin;2;FBX
809;Effertz, Haley and Langworth;Poland;Ostaszewo;3;IGES
810;Hansen-Flatley;United Kingdom;Seaton;9;STL
811;Cummerata, Turner and Schmitt;Portugal;Nelas;3;STL
812;Kemmer-King;Poland;Koźle;8;FBX
813;Kuhlman, Steuber and Barton;Portugal;Vila Nova;4;COLLADA
814;Jacobson-Bosco;United Kingdom;Newton;7;COLLADA
815;Fisher, Harris and Dach;Portugal;Braga;5;STEP
816;Will, Beahan and Doyle;Poland;Kleszczewo;2;COLLADA
817;Dare, Feest and Wolff;Poland;Jakubów;9;OBJ
818;Zemlak LLC;Spain;Zamora;9;OBJ
819;Collier LLC;Poland;Namysłów;3;COLLADA
820;Braun, Murazik and Dickens;Poland;Tarnowiec;6;OBJ
821;O'Reilly, Gislason and Rodriguez;Netherlands;Amersfoort;4;STL
822;Harber, Daugherty and Haley;Spain;Palmas De Gran Canaria, Las;6;OBJ
823;Schulist-Bernhard;Germany;Solingen;4;STL
824;Mertz-Fisher;France;Aurillac;2;STEP
825;Franecki-Hermiston;France;Paris 08;10;FBX
826;Lindgren, Williamson and Brekke;Poland;Potok Złoty;6;STEP
827;Cummerata Inc;Poland;Wrocław;1;FBX
828;Zieme and Sons;Poland;Targowisko;5;IGES
829;Hansen LLC;Portugal;Ribeira das Taínhas;9;OBJ
830;Roberts and Sons;Portugal;Pousada;9;OBJ
831;Wiegand, Cormier and Jones;France;Montigny-lès-Metz;2;IGES
832;Hilpert Inc;France;Épinal;8;VRML/X3D
833;Hilpert, Becker and Carter;France;Bobigny;2;STL
834;Farrell-Grady;Poland;Bałtów;9;COLLADA
835;Wiza, Prosacco and Durgan;Poland;Wilga;9;COLLADA
836;Huels, Wehner and Wehner;Poland;Chrząstowice;2;IGES
837;Huels Group;Spain;Madrid;4;STEP
838;Kassulke, Jacobi and Ullrich;France;Chalon-sur-Saône;10;IGES
839;Beatty-Rice;Poland;Gołkowice;2;STL
840;Metz LLC;Portugal;Murça;4;3DS
841;Bradtke-Bruen;Poland;Sonina;10;COLLADA
842;Cormier, Marquardt and Kuphal;Poland;Lisewo Malborskie;7;COLLADA
843;Auer-VonRueden;Germany;Hamburg;3;STL
844;Pollich-Shanahan;Portugal;Igreja;9;COLLADA
845;Gusikowski, O'Conner and Greenholt;Portugal;Ribeiro;7;3DS
846;Reilly Group;France;La Rochelle;10;FBX
847;Powlowski-Parisian;Poland;Wierzchucino;7;VRML/X3D
848;Swaniawski, Rowe and Wunsch;France;Créteil;10;IGES
849;Wilderman-Schmidt;France;Forbach;8;3DS
850;Bashirian, Bode and Conroy;France;Quimper;6;IGES
851;Grady-Bogisich;Portugal;São Mamede;3;OBJ
852;Schoen-Krajcik;Poland;Wilkowice;8;COLLADA
853;Marquardt-McLaughlin;France;Montpellier;9;COLLADA
854;Keeling, Lakin and Bartoletti;France;Puteaux;6;FBX
855;Mayert-Abbott;Poland;Biała Piska;8;IGES
856;Reilly, Herzog and Ritchie;Germany;Essen;4;FBX
857;Kemmer-Kreiger;France;Poitiers;5;STL
858;Ernser, Weissnat and Oberbrunner;Poland;Kup;5;IGES
859;O'Hara LLC;France;Niort;3;IGES
860;Hane, Koss and Franecki;France;Saint-Gaudens;4;3DS
861;Sauer-Blick;France;Angoulême;6;COLLADA
862;Medhurst-Gutmann;Netherlands;Apeldoorn;2;VRML/X3D
863;Hartmann, Weimann and Romaguera;France;Rennes;4;COLLADA
864;Greenholt, Heathcote and O'Kon;France;Montaigu;7;STEP
865;Rath and Sons;Poland;Węgliniec;10;VRML/X3D
866;Hodkiewicz, Leannon and Schneider;Portugal;Dafundo;7;OBJ
867;Brakus, Predovic and Torphy;France;Saint-Denis;1;IGES
868;Jaskolski Group;Poland;Śniadowo;1;3DS
869;Powlowski and Sons;France;Caen;5;STEP
870;Blick, Durgan and Kohler;France;Martigues;10;3DS
871;Johns, Hickle and Rempel;Portugal;Roliça;7;STL
872;Brown, Wisoky and Luettgen;Portugal;Quebradas;1;STEP
873;Corwin Group;France;Avignon;1;STL
874;Robel and Sons;France;Le Chambon-Feugerolles;5;STL
875;Schamberger-Collier;Poland;Mońki;4;COLLADA
876;Murazik, Koelpin and Schoen;Portugal;Monte Agudo;7;OBJ
877;Hyatt-Berge;France;Digne-les-Bains;10;IGES
878;Thompson and Sons;Poland;Sułkowice;4;VRML/X3D
879;DuBuque LLC;Poland;Borzęta;8;STEP
880;Steuber Inc;France;Avignon;4;3DS
881;Kozey LLC;France;Rennes;4;OBJ
882;Howe, Abbott and Pouros;France;Guyancourt;7;IGES
883;Haley, Kling and Mills;Portugal;Pataias;2;IGES
884;Senger-Durgan;Portugal;Conde;10;STEP
885;Lakin, Nolan and Kemmer;Poland;Narew;9;STL
886;Romaguera, Wintheiser and Satterfield;Germany;Berlin;4;OBJ
887;Wintheiser-Upton;France;Évreux;7;STEP
888;Howell, Ruecker and Keebler;Netherlands;Waalwijk;8;COLLADA
889;Wisoky, Hirthe and Botsford;Portugal;Alenquer;1;IGES
890;Koelpin Inc;France;Paris 08;1;COLLADA
891;Thompson-Hilll;Portugal;Carvalho;8;VRML/X3D
892;Pfeffer, Bauch and Schowalter;France;Villeneuve-sur-Lot;2;FBX
893;Rath, Padberg and Sauer;Spain;Logroño;4;STEP
894;Schoen Inc;Poland;Tarnowskie Góry;2;OBJ
895;Emmerich and Sons;France;Gif-sur-Yvette;5;FBX
896;Schroeder, Heathcote and Dare;Poland;Kańczuga;2;FBX
897;Wyman-Schaefer;Portugal;Sande São Lourenço;8;FBX
898;Wintheiser, Kozey and Mueller;Belgium;Tournai;7;STL
899;Mueller, Eichmann and Klocko;Portugal;Praia da Tocha;1;COLLADA
900;Reichert Inc;France;Nevers;1;STL
901;Schamberger, Kris and Cassin;France;Orly;10;STEP
902;Nikolaus-Batz;Portugal;Boucinhas;9;3DS
903;Nienow-Baumbach;Poland;Orneta;7;FBX
904;Goyette and Sons;Portugal;Vairão;7;STEP
905;Stoltenberg, Klocko and Lebsack;Poland;Przesmyki;4;VRML/X3D
906;Veum-Krajcik;France;Vitrolles;2;OBJ
907;Daniel, Hayes and Shanahan;Poland;Złota;6;STL
908;Fahey-Ortiz;Poland;Skoczów;10;STEP
909;West-Legros;Poland;Skomielna Czarna;6;3DS
910;Ebert, Ebert and Abernathy;Poland;Trzebinia;10;FBX
911;Hoeger Group;Poland;Siedleczka;1;COLLADA
912;Metz, Miller and Purdy;France;Plérin;10;STEP
913;Lowe, Schowalter and Bartoletti;France;Pont-Audemer;2;IGES
914;Senger LLC;Poland;Obryte;6;STL
915;Crist, Goodwin and Cummings;Netherlands;Hengelo;10;OBJ
916;Hansen, Strosin and Wiegand;Poland;Ryczów;7;STL
917;Dooley LLC;France;Chennevières-sur-Marne;3;3DS
918;Donnelly-Bins;Portugal;Valejas;8;VRML/X3D
919;Rempel-Gleason;Spain;Granada;2;STEP
920;Mayer Group;Poland;Trzciana;8;FBX
921;Stokes-Mitchell;Poland;Góra Kalwaria;6;FBX
922;Renner, Huels and Gerhold;France;Nîmes;8;VRML/X3D
923;Stanton, Kiehn and Kerluke;Poland;Mikołów;9;COLLADA
924;Ritchie, Huels and Price;France;Bourges;4;VRML/X3D
925;Larson LLC;Portugal;Soutelo;7;STL
926;Jenkins-Thompson;Netherlands;Haarlem;2;3DS
927;Doyle, Kris and Hoeger;Portugal;Igreja;3;VRML/X3D
928;Rutherford Inc;France;Port-de-Bouc;10;STEP
929;Fahey-Gulgowski;Portugal;Breia;5;OBJ
930;Hartmann, Crona and Kunze;France;Bordeaux;8;COLLADA
931;Schimmel-Koepp;Portugal;Agrelo;7;IGES
932;Lemke-Graham;Portugal;Lages;3;FBX
933;Cassin, White and Reilly;Poland;Golina;6;3DS
934;Greenholt, Haley and Crist;France;Évreux;10;STL
935;Beier, Conn and Gleason;Poland;Marianowo;10;IGES
936;Beatty-Hilll;Poland;Ścinawa;5;COLLADA
937;Pouros, Leuschke and Hilll;France;Saint-Étienne-du-Rouvray;6;STEP
938;Dach Inc;Poland;Przesmyki;5;STEP
939;Kuhn-Parisian;Poland;Rekowo Dolne;1;COLLADA
940;Rempel, Fahey and King;France;Montceau-les-Mines;4;IGES
941;Kemmer, Reichel and Osinski;France;Dunkerque;7;VRML/X3D
942;Kulas, Dach and McClure;Portugal;Capela;3;IGES
943;Kiehn LLC;Portugal;Água de Pau;8;3DS
944;Grady-Kiehn;Poland;Rawa Mazowiecka;5;VRML/X3D
945;Mertz-Larkin;Poland;Pantalowice;5;STL
946;Turcotte, Koch and Collier;Poland;Sidzina;3;FBX
947;Veum, Kling and Hirthe;Poland;Pysznica;2;COLLADA
948;Homenick Inc;Portugal;Algés;4;VRML/X3D
949;Luettgen-Emard;France;Dieppe;1;VRML/X3D
950;King-Jakubowski;Poland;Cegłów;6;3DS
951;Vandervort-Lang;France;Labège;4;3DS
952;Steuber, Spencer and Pollich;Poland;Pantalowice;10;IGES
953;Goldner, Walker and Von;Portugal;Oliveira;7;STL
954;Keebler, Beier and Rogahn;Poland;Pantalowice;2;VRML/X3D
955;Reilly, Bradtke and Mayer;France;Villefontaine;2;COLLADA
956;Kunze-Fisher;Poland;Syców;10;COLLADA
957;Jast LLC;France;Cluses;4;COLLADA
958;Frami-Blanda;France;La Rochelle;5;IGES
959;Brekke Inc;France;Bobigny;10;OBJ
960;Lynch-Powlowski;Portugal;Colmeal;8;VRML/X3D
961;Rowe-Lubowitz;France;Orsay;10;COLLADA
962;Renner LLC;Germany;Bochum;7;VRML/X3D
963;Quigley, Predovic and Wolff;Germany;Freiburg im Breisgau;9;FBX
964;Schmeler LLC;France;Avon;1;STL
965;Bechtelar, O'Reilly and Aufderhar;United Kingdom;West End;3;IGES
966;Gulgowski Inc;France;Lille;5;COLLADA
967;Heaney, White and Renner;France;Argentan;5;OBJ
968;Schowalter and Sons;Portugal;Castro Daire;6;VRML/X3D
969;Treutel Inc;France;Orléans;4;STEP
970;Sanford-Hintz;Portugal;Castainço;7;STEP
971;Kessler LLC;Poland;Czarnocin;3;STEP